﻿<?xml version="1.0" encoding="UTF-8" standalone="yes"?>
<addon id="brutos.repository" name="Brutos repository" version="0.0.2" provider-name="Brutos">
<extension point="xbmc.addon.repository" name="Brutos Add-on Repository">
<info compressed="false">https://github.com/brutosrepo/brutos.repository/tree/main/addons.xml</info>;;
<checksum>https://github.com/brutosrepo/brutos.repository/tree/main/addons.xml.md5</checksum>;;
<datadir zip="true">https://github.com/brutosrepo/brutos.repository/tree/main/repo/</datadir>;;
</extension>
<extension point="xbmc.addon.metadata">
<summary>Brutos</summary>
<description>Helldog</description>
<disclaimer></disclaimer>
<platform>all</platform>
</extension>
</addon>