﻿<?xml version="1.0" encoding="UTF-8" standalone="yes"?>
<addon id="brutos.repository" name="Brutos repository" version="0.0.2" provider-name="Brutos">
	<extension point="xbmc.addon.repository" name="Brutos Add-on Repository">
		<info compressed="false">http://raw.github.com/brutosrepo/brutos.repository/main/addons.xml</info>
		<checksum>http://raw.github.com/brutosrepo/brutos.repository/main/addons.xml.md5</checksum>
		<datadir zip="true">http://raw.github.com/brutosrepo/brutos.repository/main/repo/</datadir>
	</extension>
	<extension point="xbmc.addon.metadata">
		<summary>Brutos</summary>
		<description>Helldog</description>
		<disclaimer></disclaimer>
		<platform>all</platform>
	</extension>
</addon>